{
  "best_val_accuracy": 0.5287356376647949,
  "last_epoch_metrics": {
    "accuracy": 0.8821917772293091,
    "loss": 0.36336493492126465,
    "val_accuracy": 0.3563218414783478,
    "val_loss": 1.4480135440826416,
    "learning_rate": 0.0005000000237487257
  }
}