{
  "best_val_accuracy": 0.48275861144065857,
  "last_epoch_metrics": {
    "accuracy": 0.8328767418861389,
    "loss": 0.5334113240242004,
    "val_accuracy": 0.24137930572032928,
    "val_loss": 1.5094480514526367,
    "learning_rate": 0.0005000000237487257
  }
}