{
  "best_val_accuracy": 0.49425286054611206,
  "last_epoch_metrics": {
    "accuracy": 0.7643835544586182,
    "loss": 0.5892651677131653,
    "val_accuracy": 0.29885056614875793,
    "val_loss": 1.3197510242462158,
    "learning_rate": 0.0010000000474974513
  }
}