{
  "best_val_accuracy": 0.8571428656578064,
  "final_val_accuracy": 0.8571428656578064,
  "final_val_loss": 1.3810194730758667,
  "epochs_trained": 267
}