{
  "best_val_accuracy": 0.36781609058380127,
  "last_epoch_metrics": {
    "accuracy": 0.7808219194412231,
    "loss": 0.6801837086677551,
    "val_accuracy": 0.24137930572032928,
    "val_loss": 1.492082953453064,
    "learning_rate": 0.0005000000237487257
  }
}