{
  "best_val_accuracy": 0.4482758641242981,
  "last_epoch_metrics": {
    "accuracy": 0.8410958647727966,
    "loss": 0.46037226915359497,
    "val_accuracy": 0.4367816150188446,
    "val_loss": 1.5698126554489136,
    "learning_rate": 0.0005000000237487257
  }
}