{
  "accuracy": 0.016129032258064516,
  "confusion_matrix": [
    [
      50,
      0,
      0,
      0
    ],
    [
      1000,
      0,
      0,
      0
    ],
    [
      1000,
      0,
      0,
      0
    ],
    [
      1050,
      0,
      0,
      0
    ]
  ],
  "classification_report": {
    "negative": {
      "precision": 0.016129032258064516,
      "recall": 1.0,
      "f1-score": 0.031746031746031744,
      "support": 50.0
    },
    "ring": {
      "precision": 0.0,
      "recall": 0.0,
      "f1-score": 0.0,
      "support": 1000.0
    },
    "slope": {
      "precision": 0.0,
      "recall": 0.0,
      "f1-score": 0.0,
      "support": 1000.0
    },
    "wing": {
      "precision": 0.0,
      "recall": 0.0,
      "f1-score": 0.0,
      "support": 1050.0
    },
    "accuracy": 0.016129032258064516,
    "macro avg": {
      "precision": 0.004032258064516129,
      "recall": 0.25,
      "f1-score": 0.007936507936507936,
      "support": 3100.0
    },
    "weighted avg": {
      "precision": 0.0002601456815816857,
      "recall": 0.016129032258064516,
      "f1-score": 0.0005120327700972862,
      "support": 3100.0
    }
  }
}