{
  "best_val_accuracy": 0.8928571343421936,
  "final_val_accuracy": 0.8928571343421936,
  "final_val_loss": 0.5962810516357422,
  "epochs_trained": 307
}